Dataset,Model,raw_feature_count,post_filter_feature_count,selected_feature_count,f1_mean,f1_std,roc_auc_mean,roc_auc_std,precision_mean,precision_std,recall_mean,recall_std,mcc_mean,mcc_std
CM1,LogReg,21,9,9,0.39959700609586196,0.06502652630635335,0.7972932681108781,0.0954293321123178,0.2755518664342194,0.0540308543453879,0.7511111111111111,0.11729460640352578,0.35748184282785794,0.0820415626149001
CM1,ExtraTrees,21,9,9,0.3836778483145872,0.10808894283922733,0.8104464632347234,0.06952666521405348,0.27850541271593904,0.08739208292711095,0.6511111111111112,0.19007470915860533,0.32717446952740803,0.13189480952567667
CM1,XGB,21,9,9,0.3881980764333705,0.15322264904761382,0.7766930662318502,0.08291210262207122,0.3275258891435362,0.14894690894648427,0.5222222222222223,0.21280025990887314,0.3233638740531276,0.17429701855581098
CM1,RF,21,9,9,0.3855819452131204,0.1566611911494092,0.8016623961487692,0.0730367704940944,0.3130420015714134,0.14645106536175853,0.5577777777777778,0.22688442698844832,0.32294478121447734,0.17902436324465965
CM1,LGBM,21,9,9,0.36850882405061974,0.1254889294383494,0.7573169500737634,0.08255874003933178,0.3280194968430263,0.13049605705638584,0.48000000000000004,0.2173237898381805,0.3057747275804782,0.1471248912261061
CM1,BalancedRF,21,9,9,0.3245314455226052,0.08778071405320374,0.8197600745399488,0.06743840809338227,0.21157761186746693,0.061879759835061374,0.7400000000000001,0.2225109235770485,0.2762797011595485,0.11992402321472828
JM1,ExtraTrees,21,1,1,0.4061946498408609,0.011235599350816299,0.6744407299656914,0.012085186009910875,0.2922993066614879,0.007721942160682454,0.6661480226697617,0.028455925422244538,0.22210253347077422,0.018414574842073456
JM1,BalancedRF,21,1,1,0.4058443687043207,0.011122723471935853,0.6733932912464892,0.012147752043128242,0.29239511967326676,0.007886371725923247,0.663775435514566,0.027524531892582783,0.22151835024590108,0.018207377991206957
JM1,LGBM,21,1,1,0.4049239537277718,0.012097866900483813,0.6733122506163327,0.01216287196925063,0.29285852823621605,0.008017658724942872,0.6566618566618566,0.031316253172281594,0.22019311578680897,0.019488638353375515
JM1,XGB,21,1,1,0.40467464652013596,0.011181800937243108,0.671544515460034,0.011659535179426295,0.2923639614482906,0.00823707500581892,0.6577085555346425,0.026009013396825088,0.21962899477120137,0.01804760151531271
JM1,RF,21,1,1,0.4027086603408892,0.011867068830164718,0.669147698947335,0.011396870605209797,0.2922933320164789,0.007713844817615,0.6476943346508564,0.028872747111006184,0.21669374099474678,0.018972191613925268
JM1,LogReg,21,1,1,0.38410481906640315,0.019136142403015966,0.6245289524599309,0.020830439715462664,0.32102635847045524,0.016858414797094108,0.4786477612564569,0.027864235929682693,0.2053674709178924,0.025847012348429614
KC1,XGB,21,8,8,0.4436935388886229,0.023998397005314608,0.7907852599260393,0.033372481923292695,0.30869282316561075,0.0171127200301721,0.7945726495726496,0.0809714151918129,0.34640560366912937,0.0418119873231782
KC1,BalancedRF,21,8,8,0.4297824326246658,0.01667845134928721,0.7865232817947704,0.0332397455573354,0.29204487283760067,0.011845371797436523,0.8183760683760684,0.06902298141119312,0.33228083963707195,0.031451718780050215
KC1,LogReg,21,8,8,0.44084179495134174,0.04673267284948959,0.796180113270083,0.039468697732778085,0.33500143458493553,0.030784896204438802,0.6532905982905983,0.11442307492797688,0.32808736407724787,0.0661906814834749
KC1,ExtraTrees,21,8,8,0.43171102598229344,0.030986433157210298,0.7955348799402373,0.03409766566519244,0.3040278586453129,0.01813138573167109,0.7503846153846154,0.09891555314265509,0.3252032736788848,0.05252242708293049
KC1,LGBM,21,8,8,0.426827927159783,0.03080905294784069,0.783011464826984,0.032046951471418374,0.3027408462827835,0.021084158934068477,0.7299145299145301,0.08901710427514498,0.3157194303521201,0.04927431407518654
KC1,RF,21,8,8,0.4180322957220328,0.050387855277055194,0.7859440776779857,0.033590630265444184,0.3191848471486344,0.028160523398161868,0.6125641025641025,0.12067905428948046,0.29694806939136575,0.07031275899122137
KC2,LGBM,21,6,6,0.6431047059514964,0.07811582791916674,0.8576447758590615,0.06726824770193794,0.5624760132654869,0.09334087663670469,0.7606837606837608,0.0759794928713393,0.54453283505413,0.10373101483464223
KC2,XGB,21,6,6,0.6415477980917575,0.08881185936832307,0.8716619570905285,0.05964906727506634,0.565450198186771,0.10442675038819664,0.7547008547008548,0.09538055623504675,0.5433192273605864,0.11691516311654677
KC2,BalancedRF,21,6,6,0.6362296668348054,0.07224130239680981,0.8742940868655155,0.054289140390961055,0.5515709840555041,0.07973877689617978,0.7611111111111112,0.08573037289593649,0.5363660885240776,0.09584803333039706
KC2,RF,21,6,6,0.6315772354754121,0.07779911286669927,0.875644339787197,0.04878179694811671,0.5591740702226636,0.0964781499819913,0.7397435897435898,0.08036460853276242,0.5300079387536953,0.10188144767917642
KC2,ExtraTrees,21,6,6,0.6216831345772359,0.05798088961193141,0.8458965637537066,0.057796348819043,0.5912012062012063,0.07250150763263771,0.6675213675213675,0.08888067023149175,0.5220571633880798,0.07386004018310877
KC2,LogReg,21,6,6,0.5994523046974027,0.05357098696751752,0.866930402930403,0.05137264908986024,0.5027319555802529,0.059147474824903984,0.7499999999999999,0.07049339281703566,0.4875214135923726,0.07343042755088985
KC3,ExtraTrees,39,10,10,0.3921693121693122,0.17061113816463574,0.713391812865497,0.11912206537495655,0.5541269841269841,0.2968090140627878,0.3466666666666667,0.17269111795984823,0.32511873303098454,0.1869488737626931
KC3,BalancedRF,39,10,10,0.44584896584896583,0.12661416291351482,0.7430799220272903,0.09103935763971656,0.38827080327080327,0.15006484462244832,0.5833333333333334,0.1920648038785058,0.3015765130884925,0.18085054034279308
KC3,LogReg,39,10,10,0.39558441558441554,0.18378581965884866,0.6914424951267057,0.1305870984585002,0.3774969474969475,0.18685056566204303,0.4633333333333333,0.24184476196289406,0.25952994087258996,0.21479288785205877
KC3,XGB,39,10,10,0.4098331298331299,0.1559595259467941,0.7075536062378168,0.12305306580981386,0.3350625300625301,0.127669511872623,0.5666666666666667,0.2618311584887397,0.25317121200610093,0.2230279585625706
KC3,RF,39,10,10,0.39068117068117064,0.10427913997965647,0.7251461988304092,0.0998840566756996,0.3566931216931217,0.11159521021846139,0.4666666666666667,0.1398411797560202,0.23047484167973303,0.14113365023418817
KC3,LGBM,39,10,10,0.3399385799385799,0.15850510645333737,0.6972124756335283,0.11059792829771457,0.3257936507936508,0.1722838380013713,0.4066666666666666,0.21822516404443879,0.1870149666999762,0.18949915304215115
MC1,XGB,38,19,15,0.4278528878528879,0.2176325029147822,0.8039308618223077,0.10029119865924721,0.4847619047619048,0.20861418710801094,0.4066666666666667,0.231644683209564,0.4250766533564826,0.2160747920453992
MC1,LGBM,38,19,15,0.41391534391534396,0.2325879587042192,0.7965765132455231,0.11200116803776239,0.49182539682539683,0.27189144140316235,0.3844444444444445,0.2452109195401551,0.41568218430019027,0.23555608656636226
MC1,RF,38,19,15,0.3300965700965701,0.21627191506912571,0.8195257181852563,0.11338359028777201,0.3346825396825397,0.20756154851578992,0.3466666666666667,0.24337138210896866,0.3196176088236968,0.22111785103717874
MC1,ExtraTrees,38,19,15,0.2698264698264698,0.2723552180507718,0.818435819643826,0.1153989936231735,0.295,0.30073674965423264,0.2577777777777778,0.2656833723080683,0.2618659107347837,0.2768887937567781
MC1,BalancedRF,38,19,15,0.16486198846398128,0.04356662162603998,0.8255250933188628,0.10157847734358173,0.09374478667402975,0.02544177164116667,0.7044444444444444,0.18811606608949613,0.2141866955943815,0.07122716291277192
MC1,LogReg,38,19,15,0.12934722271765553,0.044758028092995956,0.7469222452436156,0.14165131013664414,0.07329527746729493,0.025341515971559855,0.5666666666666668,0.2221110833194358,0.15545582726060753,0.07835880460150141
MC2,ExtraTrees,39,14,14,0.6544370444370443,0.1360533051689469,0.7384691358024693,0.1443375271706332,0.5884656084656085,0.14598741754924105,0.7644444444444446,0.1679800105685712,0.4515187362685449,0.2210412915779168
MC2,BalancedRF,39,14,14,0.6295149295149295,0.11218381240043035,0.7639259259259259,0.11480500157186872,0.5335449735449734,0.1045876844865384,0.7777777777777779,0.14487116456005888,0.39683376931853825,0.18468326821300202
MC2,LGBM,39,14,14,0.5673667073667074,0.14928653183227644,0.6985925925925928,0.11190254758254663,0.5843386243386244,0.16659571850115626,0.5955555555555555,0.2299328941288504,0.3668005549980282,0.20105899338379385
MC2,RF,39,14,14,0.5018374218374219,0.1555676846535662,0.7409382716049383,0.11727198379495325,0.6874603174603175,0.23435227256060692,0.43111111111111117,0.17361799986332985,0.35665753657686866,0.19614606618741373
MC2,XGB,39,14,14,0.5088071188071187,0.15818111384690947,0.7342716049382715,0.12710312981552058,0.6246031746031746,0.22649798089376955,0.46666666666666673,0.19360134679666224,0.32669170531800956,0.2172887965779696
MC2,LogReg,39,14,14,0.49492655492655496,0.10854279146479408,0.6695308641975309,0.09711931924391176,0.47407407407407415,0.1144673258160959,0.5488888888888889,0.1750625990331656,0.2073746506003087,0.16883392223584365
MW1,RF,37,13,12,0.42857142857142855,0.32449507261928495,0.6602880658436213,0.16800811574319638,0.55,0.4169998667732268,0.3777777777777779,0.3130889511912305,0.4089636246035602,0.3461436595281004
MW1,XGB,37,13,12,0.3952380952380953,0.23496996479069723,0.6207818930041152,0.174014475783427,0.4052380952380953,0.27197688977453316,0.4222222222222222,0.2779999111821512,0.33980393523830027,0.2625549165983216
MW1,ExtraTrees,37,13,12,0.37927368927368926,0.15050039369041449,0.6699588477366255,0.15252230236568143,0.31492063492063493,0.11839971842557408,0.5,0.2453266907313291,0.3091574753645917,0.1731109296988198
MW1,LGBM,37,13,12,0.35317460317460314,0.21517569447095014,0.645267489711934,0.16496027345594172,0.35079365079365077,0.25683942512749797,0.39999999999999997,0.27080128015453203,0.2870528478151187,0.25094753868728925
MW1,LogReg,37,13,12,0.3248862248862249,0.13287096324306938,0.7197530864197531,0.14699568892009499,0.2316738816738817,0.09572487812496902,0.5833333333333335,0.26874192494328497,0.24616600699885186,0.17572158920871742
MW1,BalancedRF,37,13,12,0.3173493173493173,0.08257042525834198,0.655761316872428,0.16542314125166768,0.23488455988455983,0.0657569242346051,0.5444444444444444,0.20831481399169638,0.2346310051110324,0.11315486912896501
PC1,ExtraTrees,21,9,9,0.41345119964315014,0.1347189612914471,0.8170692368214004,0.06080684964491748,0.4896031746031746,0.16448591316145997,0.37703703703703706,0.148322120073693,0.3865706050699403,0.14084357760489188
PC1,XGB,21,9,9,0.35330618670816993,0.12090293177597565,0.8185842293906809,0.0725405684432165,0.3107138667432785,0.10324137158152587,0.4192592592592593,0.16200729885842158,0.3043394691557028,0.13282548394679697
PC1,BalancedRF,21,9,9,0.31618557706190287,0.06659577256330196,0.8173392196287553,0.07657576208051327,0.2023986240458373,0.04137816531470708,0.7303703703703707,0.17215490520301632,0.30315931431908466,0.09590758627835892
PC1,LGBM,21,9,9,0.3483555613956744,0.12747737596980346,0.8037016638983593,0.06982088729457261,0.3432010582010582,0.12073642230358624,0.3614814814814815,0.14554377485074793,0.30161479818261916,0.13530318722678447
PC1,RF,21,9,9,0.328124200008258,0.10387687625986261,0.8067419937640238,0.07691726016348742,0.2753353128353128,0.08693710248407872,0.4125925925925926,0.13859178098224262,0.2750970136942115,0.11630685748501685
PC1,LogReg,21,9,9,0.262376086975551,0.05349877944368041,0.7549178249847015,0.0938761471174263,0.16795395998641413,0.03369669557307747,0.62,0.17526934005634304,0.22790157107513354,0.08049676187393441
PC2,LGBM,36,12,12,0.22322714322714324,0.1432028922396988,0.887822187391153,0.08260422806778245,0.1366962666962667,0.08958464864691451,0.6333333333333333,0.38586123009300755,0.2624431041834842,0.19113924219631237
PC2,BalancedRF,36,12,12,0.18738563884478543,0.09227901116432737,0.8950322187391154,0.09212399349116439,0.10654699187980923,0.05364966655795709,0.8,0.3559026084010437,0.25436992330437225,0.1482909531908409
PC2,ExtraTrees,36,12,12,0.18492692492692492,0.13188192694153097,0.8675983977708114,0.0968126383893788,0.12412531912531911,0.09751369487924104,0.43333333333333335,0.30912061651652345,0.19417985849556538,0.15988974325387859
PC2,LogReg,36,12,12,0.14042650673287366,0.07945590779812411,0.7591736328805294,0.1754551241995387,0.07985528489398458,0.04571591189027338,0.6,0.32659863237109044,0.17315661453855868,0.13301397282425792
PC2,XGB,36,12,12,0.16974025974025972,0.1838577319518295,0.8877307558342041,0.12310159569631103,0.11740740740740739,0.13003428903074427,0.3333333333333333,0.34960294939005054,0.1676004669675531,0.2131759535248002
PC2,RF,36,12,12,0.11015873015873016,0.17651935557444182,0.8738505747126439,0.1084866265717065,0.08388888888888889,0.14632746972138116,0.2,0.3055050463303894,0.0975142088911976,0.19847195985695942
PC3,ExtraTrees,37,16,14,0.4612805852354375,0.061253287451668,0.8323542539978264,0.03836179909995255,0.33321816617104694,0.04915627267430151,0.7541666666666667,0.09537935951882998,0.3956445142698117,0.08096603880862527
PC3,XGB,37,16,14,0.44816709466781,0.05834488822613863,0.8135712622263623,0.047334344022683196,0.31853778072782757,0.043154763740810974,0.7583333333333333,0.099128143778086,0.3817902655014421,0.08011634687790696
PC3,BalancedRF,37,16,14,0.4472597308144825,0.05729290145789449,0.8195929074160327,0.04350332589631965,0.31843681831486703,0.04147187221945332,0.7541666666666667,0.10573814617041269,0.38052457840651405,0.0795313947184786
PC3,LGBM,37,16,14,0.4254505319765231,0.04632210486312309,0.800328947368421,0.04376380073123734,0.29716588111114567,0.03729414519478022,0.7541666666666667,0.07383352144445564,0.35497185201876913,0.06281014891266273
PC3,LogReg,37,16,14,0.4084307177601411,0.04179744347201154,0.7975298219738137,0.04819374952446368,0.2769773162219971,0.03137943946380902,0.7833333333333333,0.07861650943380502,0.3403896157397264,0.05898358266077936
PC3,RF,37,16,14,0.42315595685988827,0.08815817055536498,0.8223677741551519,0.04389809651159728,0.34988310284862006,0.07476871428726052,0.5416666666666666,0.12430361575146916,0.3334855319890655,0.106422684850864
PC4,XGB,37,19,15,0.6534107395804772,0.04699053512073631,0.943259862867706,0.01769326400044789,0.5432030392952395,0.05905945793633344,0.8285714285714287,0.05822577876095119,0.6132430064494411,0.05194739237468609
PC4,ExtraTrees,37,19,15,0.6548783407131176,0.08556938645797109,0.9391374058040725,0.02415647381968117,0.5823615108932128,0.09588839001599751,0.7575757575757575,0.09488982629317678,0.6080444782534059,0.09945230131674129
PC4,RF,37,19,15,0.6510943483953199,0.08112326716353639,0.9368407295578164,0.020773750177638543,0.5857921528611184,0.08567632751469442,0.7448773448773448,0.11413274850670835,0.6044652373182712,0.0947999815215696
PC4,LGBM,37,19,15,0.6306250590586018,0.03850794316418206,0.9334229314621472,0.01474221175940497,0.5093031885580939,0.046855543170726335,0.8349206349206352,0.055749927026549725,0.5900811929533701,0.04333186219282016
PC4,BalancedRF,37,19,15,0.5656521738232586,0.0314740504329632,0.9377836656548144,0.020751457467704855,0.4031434653353393,0.03153210693354582,0.9538239538239538,0.044229818539665525,0.545952433256451,0.03420480964490519
PC4,LogReg,37,19,15,0.5664439016398618,0.041787989856018365,0.917241374664344,0.019920488791298874,0.4262206583100385,0.04431668187112311,0.8533910533910534,0.05980958118419175,0.5265585275145482,0.04695276844292027
