Dataset,raw_feature_count,post_filter_feature_count,selected_feature_count,Model,Threshold,F1,Precision,Recall,AUC-ROC,MCC,Baseline_F1,Baseline_MCC,Baseline_AUC_ROC,Delta_F1,Delta_MCC,Delta_AUC_ROC
CM1,21,9,9,LogReg,0.5098105963172945,0.2857142857142857,0.1875,0.6,0.7411111111111112,0.2000816826662603,0.4274952919020716,0.2408671398865501,0.6719910980755378,-0.14178100618778589,-0.040785457220289784,0.06912001303557336
CM1,21,9,9,XGB,0.16843128204345703,0.26666666666666666,0.16,0.8,0.7566666666666667,0.2,0.4440677966101695,0.2493867209227186,0.6868651589996912,-0.17740112994350282,-0.04938672092271859,0.06980150766697546
CM1,21,9,9,RF,0.15428606186979665,0.2465753424657534,0.14285714285714285,0.9,0.7166666666666666,0.18641092980036003,0.2684124386252046,0.236262410894647,0.6883554595039622,-0.021837096159451175,-0.04985148109428697,0.02831120716270441
CM1,21,9,9,BalancedRF,0.5717201936565328,0.2608695652173913,0.16666666666666666,0.6,0.6933333333333334,0.16666666666666666,0.3342618384401114,0.2317542984856294,0.6883014304826592,-0.07339227322272013,-0.06508763181896274,0.005031902850674119
CM1,21,9,9,ExtraTrees,0.35846830981592154,0.22580645161290322,0.1346153846153846,0.7,0.74,0.12009611535381536,0.4551282051282051,0.3002805915477367,0.7016736132551199,-0.2293217535153019,-0.1801844761939213,0.03832638674488009
CM1,21,9,9,LGBM,0.009553696894178426,0.20689655172413793,0.11688311688311688,0.9,0.7177777777777777,0.10297049891304745,0.3304597701149425,0.2413011691604569,0.686178861788618,-0.12356321839080456,-0.13833067024740947,0.03159891598915976
JM1,21,1,1,LogReg,0.5839532301113697,0.35567715458276333,0.41935483870967744,0.3087885985748218,0.6319331345803191,0.23313825100680424,0.4274952919020716,0.2408671398865501,0.6719910980755378,-0.07181813731930825,-0.007728888879745849,-0.04005796349521873
JM1,21,1,1,ExtraTrees,0.5180863455249219,0.3742255266418835,0.3911917098445596,0.3586698337292161,0.6762731375020967,0.23250973531951172,0.4551282051282051,0.3002805915477367,0.7016736132551199,-0.0809026784863216,-0.06777085622822496,-0.025400475753023177
JM1,21,1,1,XGB,0.5995776057243347,0.3701863354037267,0.3880208333333333,0.35391923990498814,0.6722746308550529,0.22806178296374247,0.4440677966101695,0.2493867209227186,0.6868651589996912,-0.07388146120644279,-0.021324937958976137,-0.014590528144638348
JM1,21,1,1,BalancedRF,0.6153719362333238,0.3647959183673469,0.3939393939393939,0.33966745843230406,0.6709030186290371,0.22715438631389231,0.3342618384401114,0.2317542984856294,0.6883014304826592,0.030534079927235502,-0.0045999121717370806,-0.01739841185362212
JM1,21,1,1,LGBM,0.6075537707529736,0.3645443196004994,0.38421052631578945,0.34679334916864607,0.6729340598098681,0.22218178939469677,0.3304597701149425,0.2413011691604569,0.686178861788618,0.03408454948555689,-0.01911937976576014,-0.013244801978749887
JM1,21,1,1,RF,0.4752057837551073,0.3900355871886121,0.2784552845528455,0.6508313539192399,0.6679616273218663,0.19561778327171825,0.2684124386252046,0.236262410894647,0.6883554595039622,0.1216231485634075,-0.04064462762292875,-0.020393832182095895
KC1,21,8,8,RF,0.5585755777185836,0.6013071895424836,0.5227272727272727,0.7076923076923077,0.8481361775479423,0.5242778799815218,0.2684124386252046,0.236262410894647,0.6883554595039622,0.33289475091727905,0.28801546908687475,0.1597807180439802
KC1,21,8,8,BalancedRF,0.6940916194016201,0.5714285714285714,0.5588235294117647,0.5846153846153846,0.8529627235509588,0.49148439092885043,0.3342618384401114,0.2317542984856294,0.6883014304826592,0.23716673298845997,0.25973009244322104,0.16466129306829957
KC1,21,8,8,XGB,0.6043362021446228,0.5476190476190477,0.44660194174757284,0.7076923076923077,0.8431157078215902,0.4605533344971244,0.4440677966101695,0.2493867209227186,0.6868651589996912,0.10355125100887819,0.21116661357440578,0.15625054882189893
KC1,21,8,8,LogReg,0.6158169971191342,0.5076923076923077,0.5076923076923077,0.5076923076923077,0.8302090066795949,0.418056453350571,0.4274952919020716,0.2408671398865501,0.6719910980755378,0.08019701579023608,0.17718931346402092,0.15821790860405704
KC1,21,8,8,LGBM,0.47535169987254583,0.47533632286995514,0.33544303797468356,0.8153846153846154,0.8388278388278388,0.3887948332287081,0.3304597701149425,0.2413011691604569,0.686178861788618,0.14487655275501266,0.1474936640682512,0.15264897703922087
KC1,21,8,8,ExtraTrees,0.6900740434613466,0.39603960396039606,0.5555555555555556,0.3076923076923077,0.8411118293471235,0.3396989041903373,0.4551282051282051,0.3002805915477367,0.7016736132551199,-0.05908860116780906,0.03941831264260065,0.13943821609200358
KC2,21,6,6,LogReg,0.46404673846641087,0.5925925925925926,0.5,0.7272727272727273,0.82092004381161,0.4725665874589415,0.4274952919020716,0.2408671398865501,0.6719910980755378,0.16509730069052098,0.2316994475723914,0.14892894573607218
KC2,21,6,6,XGB,0.38813915848731995,0.5882352941176471,0.5172413793103449,0.6818181818181818,0.8381708652792991,0.4670715441999645,0.4440677966101695,0.2493867209227186,0.6868651589996912,0.1441674975074776,0.2176848232772459,0.15130570627960782
KC2,21,6,6,BalancedRF,0.3712035229476405,0.5818181818181818,0.48484848484848486,0.7272727272727273,0.8181818181818182,0.45800979924269086,0.3342618384401114,0.2317542984856294,0.6883014304826592,0.24755634337807036,0.22625550075706147,0.129880387699159
KC2,21,6,6,LGBM,0.30710243538952076,0.5714285714285714,0.47058823529411764,0.7272727272727273,0.8283132530120482,0.443912007844531,0.3304597701149425,0.2413011691604569,0.686178861788618,0.2409688013136289,0.2026108386840741,0.1421343912234302
KC2,21,6,6,RF,0.25939937826200377,0.5396825396825397,0.4146341463414634,0.7727272727272727,0.8346111719605696,0.4033930407873966,0.2684124386252046,0.236262410894647,0.6883554595039622,0.27127010105733507,0.16713062989274957,0.1462557124566074
KC2,21,6,6,ExtraTrees,0.21681454773020575,0.5245901639344263,0.41025641025641024,0.7272727272727273,0.8217415115005477,0.3791553249094258,0.4551282051282051,0.3002805915477367,0.7016736132551199,0.06946195880622114,0.0788747333616891,0.12006789824542785
KC3,39,10,10,ExtraTrees,0.5353326624399266,0.42857142857142855,0.42857142857142855,0.42857142857142855,0.6919642857142857,0.30357142857142855,0.4551282051282051,0.3002805915477367,0.7016736132551199,-0.026556776556776573,0.0032908370236918727,-0.0097093275408342
KC3,39,10,10,XGB,0.4888204038143158,0.4,0.3076923076923077,0.5714285714285714,0.6696428571428571,0.236227795630767,0.4440677966101695,0.2493867209227186,0.6868651589996912,-0.04406779661016946,-0.01315892529195159,-0.017222301856834155
KC3,39,10,10,RF,0.6359037842009763,0.3333333333333333,0.4,0.2857142857142857,0.6651785714285714,0.22035351657939922,0.2684124386252046,0.236262410894647,0.6883554595039622,0.06492089470812873,-0.01590889431524778,-0.023176888075390756
KC3,39,10,10,LGBM,0.3013040727334753,0.38095238095238093,0.2857142857142857,0.5714285714285714,0.6294642857142856,0.20714285714285716,0.3304597701149425,0.2413011691604569,0.686178861788618,0.050492610837438445,-0.03415831201759975,-0.05671457607433239
KC3,39,10,10,BalancedRF,0.6937000000000001,0.18181818181818182,0.25,0.14285714285714285,0.6785714285714286,0.06211616832473602,0.3342618384401114,0.2317542984856294,0.6883014304826592,-0.1524436566219296,-0.16963813016089338,-0.009730001911230635
KC3,39,10,10,LogReg,0.6261061860524695,0.14285714285714285,0.14285714285714285,0.14285714285714285,0.6830357142857142,-0.044642857142857144,0.4274952919020716,0.2408671398865501,0.6719910980755378,-0.28463814904492873,-0.2855099970294072,0.011044616210176383
MC1,38,19,15,LGBM,0.42245513976643495,0.2857142857142857,0.4,0.2222222222222222,0.7932019423021993,0.2863271986504372,0.3304597701149425,0.2413011691604569,0.686178861788618,-0.04474548440065679,0.0450260294899803,0.10702308051358134
MC1,38,19,15,XGB,0.6390981674194336,0.26666666666666666,0.3333333333333333,0.2222222222222222,0.8134818623250499,0.2585765824577413,0.4440677966101695,0.2493867209227186,0.6868651589996912,-0.17740112994350282,0.009189861535022686,0.12661670332535868
MC1,38,19,15,RF,0.36195612024512697,0.2222222222222222,0.16666666666666666,0.3333333333333333,0.7834904313053414,0.21088980781905495,0.2684124386252046,0.236262410894647,0.6883554595039622,-0.046190216402982376,-0.025372603075592054,0.0951349718013792
MC1,38,19,15,BalancedRF,0.6718,0.18181818181818182,0.125,0.3333333333333333,0.7420736932305056,0.17446221315311414,0.3342618384401114,0.2317542984856294,0.6883014304826592,-0.1524436566219296,-0.05729208533251526,0.05377226274784641
MC1,38,19,15,LogReg,0.8290098448346778,0.08333333333333333,0.06666666666666667,0.1111111111111111,0.7192230791202514,0.05864279707524222,0.4274952919020716,0.2408671398865501,0.6719910980755378,-0.34416195856873827,-0.18222434281130787,0.0472319810447136
MC1,38,19,15,ExtraTrees,0.608261807317021,0.0,0.0,0.0,0.8100542702085118,-0.017156756244034187,0.4551282051282051,0.3002805915477367,0.7016736132551199,-0.4551282051282051,-0.31743734779177085,0.10838065695339194
MC2,39,14,14,RF,0.6982155467266987,0.6153846153846154,1.0,0.4444444444444444,0.6944444444444445,0.5819143739626463,0.2684124386252046,0.236262410894647,0.6883554595039622,0.34697217675941083,0.34565196306799933,0.006088984940482378
MC2,39,14,14,BalancedRF,0.8233333333333334,0.6153846153846154,1.0,0.4444444444444444,0.6875000000000001,0.5819143739626463,0.3342618384401114,0.2317542984856294,0.6883014304826592,0.281122776944504,0.35016007547701694,-0.0008014304826591268
MC2,39,14,14,LGBM,0.8316066036828973,0.6153846153846154,1.0,0.4444444444444444,0.6458333333333334,0.5819143739626463,0.3304597701149425,0.2413011691604569,0.686178861788618,0.28492484526967293,0.34061320480218943,-0.04034552845528461
MC2,39,14,14,XGB,0.6487675309181213,0.5,0.5714285714285714,0.4444444444444444,0.6388888888888888,0.27468516529888065,0.4440677966101695,0.2493867209227186,0.6868651589996912,0.055932203389830515,0.02529844437616205,-0.04797627011080241
MC2,39,14,14,LogReg,0.23725729526908568,0.5714285714285714,0.42105263157894735,0.8888888888888888,0.6875,0.22634157113224274,0.4274952919020716,0.2408671398865501,0.6719910980755378,0.1439332795264998,-0.014525568754307355,0.015508901924462193
MC2,39,14,14,ExtraTrees,0.5207110369513326,0.5,0.45454545454545453,0.5555555555555556,0.7430555555555556,0.17459497553883238,0.4551282051282051,0.3002805915477367,0.7016736132551199,0.04487179487179488,-0.1256856160089043,0.04138194230043568
MW1,37,13,12,LogReg,0.6948322578440592,0.6,0.6,0.6,0.6521739130434783,0.5565217391304348,0.4274952919020716,0.2408671398865501,0.6719910980755378,0.1725047080979284,0.3156545992438847,-0.019817185032059537
MW1,37,13,12,BalancedRF,0.6053333333333333,0.42857142857142855,0.3333333333333333,0.6,0.7434782608695653,0.36628061740041584,0.3342618384401114,0.2317542984856294,0.6883014304826592,0.09430959013131712,0.13452631891478645,0.05517683038690602
MW1,37,13,12,LGBM,0.12070343265616817,0.2962962962962963,0.18181818181818182,0.8,0.7913043478260869,0.24538815552511603,0.3304597701149425,0.2413011691604569,0.686178861788618,-0.034163473818646206,0.004086986364659123,0.10512548603746896
MW1,37,13,12,RF,0.26042105826418543,0.2857142857142857,0.1875,0.6,0.8043478260869565,0.2034065475900038,0.2684124386252046,0.236262410894647,0.6883554595039622,0.017301847089081113,-0.03285586330464321,0.11599236658299439
MW1,37,13,12,XGB,0.2628251016139984,0.2857142857142857,0.1875,0.6,0.7434782608695653,0.2034065475900038,0.4440677966101695,0.2493867209227186,0.6868651589996912,-0.1583535108958838,-0.04598017333271481,0.056613101869874005
MW1,37,13,12,ExtraTrees,0.37252385050254005,0.2608695652173913,0.16666666666666666,0.6,0.7652173913043478,0.17044466374518588,0.4551282051282051,0.3002805915477367,0.7016736132551199,-0.19425863991081382,-0.1298359278025508,0.06354377804922795
PC1,21,9,9,BalancedRF,0.7169166666666671,0.48484848484848486,0.47058823529411764,0.5,0.8910800970873787,0.443764792914761,0.3342618384401114,0.2317542984856294,0.6883014304826592,0.15058664640837344,0.2120104944291316,0.20277866660471944
PC1,21,9,9,ExtraTrees,0.5799962865048158,0.3076923076923077,0.4,0.25,0.9253640776699029,0.27540374864268047,0.4551282051282051,0.3002805915477367,0.7016736132551199,-0.1474358974358974,-0.024876842905056207,0.22369046441478302
PC1,21,9,9,LogReg,0.5971962605403456,0.32558139534883723,0.25925925925925924,0.4375,0.8106796116504854,0.2693395112141066,0.4274952919020716,0.2408671398865501,0.6719910980755378,-0.10191389655323435,0.028472371327556506,0.1386885135749476
PC1,21,9,9,LGBM,0.9066627956908856,0.25,0.375,0.1875,0.852245145631068,0.22648361792793908,0.3304597701149425,0.2413011691604569,0.686178861788618,-0.08045977011494249,-0.014817551232517823,0.16606628384245004
PC1,21,9,9,RF,0.7145377389267474,0.19047619047619047,0.4,0.125,0.879247572815534,0.19248323674982698,0.2684124386252046,0.236262410894647,0.6883554595039622,-0.07793624814901412,-0.04377917414482002,0.19089211331157185
PC1,21,9,9,XGB,0.8145356774330139,0.23076923076923078,0.3,0.1875,0.8525485436893204,0.19142073738076418,0.4440677966101695,0.2493867209227186,0.6868651589996912,-0.2132985658409387,-0.057965983541954424,0.16568338468962918
PC2,36,12,12,BalancedRF,0.5800309523809528,0.12121212121212122,0.06666666666666667,0.6666666666666666,0.7100456621004566,0.1663382666909807,0.3342618384401114,0.2317542984856294,0.6883014304826592,-0.2130497172279902,-0.0654160317946487,0.02174423161779737
PC2,36,12,12,LogReg,0.4372323286700824,0.09090909090909091,0.04878048780487805,0.6666666666666666,0.7442922374429224,0.12566003817907795,0.4274952919020716,0.2408671398865501,0.6719910980755378,-0.33658620099298064,-0.11520710170747214,0.07230113936738458
PC2,36,12,12,ExtraTrees,0.14820208970055523,0.06557377049180328,0.034482758620689655,0.6666666666666666,0.6506849315068493,0.08155487698263864,0.4551282051282051,0.3002805915477367,0.7016736132551199,-0.3895544346364018,-0.21872571456509804,-0.05098868174827065
PC2,36,12,12,RF,0.6991411743402617,0.0,0.0,0.0,0.6666666666666665,-0.029362417255448397,0.2684124386252046,0.236262410894647,0.6883554595039622,-0.2684124386252046,-0.2656248281500954,-0.021688792837295634
PC2,36,12,12,XGB,0.696503758430481,0.0,0.0,0.0,0.5878995433789955,-0.03414441188133482,0.4440677966101695,0.2493867209227186,0.6868651589996912,-0.4440677966101695,-0.2835311328040534,-0.09896561562069572
PC2,36,12,12,LGBM,0.7937314952779658,0.0,0.0,0.0,0.678082191780822,-0.036344729117685895,0.3304597701149425,0.2413011691604569,0.686178861788618,-0.3304597701149425,-0.2776458982781428,-0.008096670007796014
PC3,37,16,14,ExtraTrees,0.5040694989946184,0.47619047619047616,0.3508771929824561,0.7407407407407407,0.813443072702332,0.4089330528398153,0.4551282051282051,0.3002805915477367,0.7016736132551199,0.021062271062271043,0.10865246129207862,0.11176945944721206
PC3,37,16,14,BalancedRF,0.46283253038671013,0.44680851063829785,0.31343283582089554,0.7777777777777778,0.8159905937683716,0.38206901454155523,0.3342618384401114,0.2317542984856294,0.6883014304826592,0.11254667219818643,0.15031471605592583,0.12768916328571234
PC3,37,16,14,LGBM,0.41739264852393404,0.43137254901960786,0.29333333333333333,0.8148148148148148,0.8128551832255535,0.371220683256114,0.3304597701149425,0.2413011691604569,0.686178861788618,0.10091277890466538,0.1299195140956571,0.12667632143693552
PC3,37,16,14,LogReg,0.43181315996850017,0.40707964601769914,0.26744186046511625,0.8518518518518519,0.8175582990397805,0.35031291915056817,0.4274952919020716,0.2408671398865501,0.6719910980755378,-0.020415645884372446,0.10944577926401808,0.1455672009642427
PC3,37,16,14,XGB,0.341067373752594,0.40350877192982454,0.26436781609195403,0.8518518518518519,0.8138349990201843,0.3460734104382403,0.4440677966101695,0.2493867209227186,0.6868651589996912,-0.040559024680344946,0.0966866895155217,0.12696984002049305
PC3,37,16,14,RF,0.2327855560521458,0.40384615384615385,0.2727272727272727,0.7777777777777778,0.8193219674701155,0.3324601600369169,0.2684124386252046,0.236262410894647,0.6883554595039622,0.13543371522094927,0.09619774914226992,0.1309665079661534
PC4,37,19,15,ExtraTrees,0.5395944090307826,0.6578947368421053,0.6097560975609756,0.7142857142857143,0.9291828793774319,0.6095911362286243,0.4551282051282051,0.3002805915477367,0.7016736132551199,0.2027665317139002,0.3093105446808876,0.22750926612231204
PC4,37,19,15,XGB,0.5324049592018127,0.6206896551724138,0.5192307692307693,0.7714285714285715,0.9366314619232906,0.5723363323226158,0.4440677966101695,0.2493867209227186,0.6868651589996912,0.17662185856224433,0.3229496113998972,0.24976630292359936
PC4,37,19,15,BalancedRF,0.7954999999999998,0.59375,0.6551724137931034,0.5428571428571428,0.939633129516398,0.5472783423985519,0.3342618384401114,0.2317542984856294,0.6883014304826592,0.2594881615598886,0.3155240439129225,0.25133169903373875
PC4,37,19,15,RF,0.551637707434447,0.5671641791044776,0.59375,0.5428571428571428,0.9431906614785992,0.5118531321962915,0.2684124386252046,0.236262410894647,0.6883554595039622,0.298751740479273,0.27559072130164447,0.25483520197463705
PC4,37,19,15,LGBM,0.7274414306760945,0.5230769230769231,0.5666666666666667,0.4857142857142857,0.9331851028349083,0.4654885089564399,0.3304597701149425,0.2413011691604569,0.686178861788618,0.19261715296198062,0.224187339795983,0.24700624104629032
PC4,37,19,15,LogReg,0.8708523018863389,0.4406779661016949,0.5416666666666666,0.37142857142857144,0.8778210116731516,0.38862508318503225,0.4274952919020716,0.2408671398865501,0.6719910980755378,0.013182674199623323,0.14775794329848216,0.20582991359761382
